AuditId,Username,Success,Reason,CreatedAt
1,admin,1,ok,2026-03-17T19:07:17.526539
2,admin,1,ok,2026-03-17T19:33:00.766305
3,admin,1,ok,2026-03-17T19:58:00.104293
4,admin,1,ok,2026-03-17T20:06:45.300759
5,admin,1,ok,2026-03-17T20:08:28.836824
6,admin,1,ok,2026-03-17T20:13:53.017861
7,admin,1,ok,2026-03-17T20:15:57.103692
8,admin,1,ok,2026-03-17T20:19:32.077141
9,admin,1,ok,2026-03-17T20:20:42.470274
10,admin,1,ok,2026-03-17T20:31:09.494685
11,admin,1,ok,2026-03-17T20:42:30.608235
12,admin,1,ok,2026-03-17T20:44:16.721620
13,admin,1,ok,2026-03-17T20:46:21.975176
14,admin,1,ok,2026-03-17T20:53:47.425237
15,admin,1,ok,2026-03-17T21:12:17.924803
16,admin,1,ok,2026-03-17T21:17:40.552722
17,admin,1,ok,2026-03-17T21:21:40.442924
18,admin,1,ok,2026-03-17T21:46:49.807366
19,admin,1,ok,2026-03-17T21:52:03.509868
20,admin,1,ok,2026-03-17T21:56:03.072620
21,admin,1,ok,2026-03-17T22:01:10.530540
22,admin,1,ok,2026-03-17T22:37:33.499802
23,admin,1,ok,2026-03-17T22:40:39.034049
24,admin,1,ok,2026-03-17T22:54:16.009597
25,admin,1,ok,2026-03-17T23:50:28.693413
26,admin,1,ok,2026-03-18T19:07:48.331185
27,admin,1,ok,2026-03-18T19:28:56.295760
28,admin,1,ok,2026-03-18T19:58:47.798382
29,admin,1,ok,2026-03-18T22:25:18.055262
30,admin,1,ok,2026-03-18T23:24:08.659444
31,admin,1,ok,2026-03-18T23:25:52.692100
32,admin,1,ok,2026-03-18T23:27:56.631625
33,admin,1,ok,2026-03-18T23:40:05.161958
34,admin,1,ok,2026-03-19T15:22:19.140901
35,admin,1,ok,2026-03-19T19:06:54.650406
36,admin,1,ok,2026-03-19T19:08:32.996232
37,admin,1,ok,2026-03-19T19:10:39.490430
38,admin,1,ok,2026-03-19T20:30:55.048685
39,admin,1,ok,2026-03-19T20:32:11.675889
40,admin,1,ok,2026-03-19T20:41:30.485184
41,admin,1,ok,2026-03-19T21:24:10.618368
42,admin,1,ok,2026-03-19T21:25:48.227719
43,admin,1,ok,2026-03-19T21:32:35.986970
44,admin,1,ok,2026-03-19T22:55:19.051727
45,admin,1,ok,2026-03-19T22:59:32.466576
46,admin,1,ok,2026-03-19T23:16:55.002940
47,admin,1,ok,2026-03-20T00:46:38.386034
48,admin,1,ok,2026-03-20T01:49:44.507772
49,admin,1,ok,2026-03-20T10:37:47.256699
50,admin,1,ok,2026-03-20T12:08:12.515608
51,admin,1,ok,2026-03-20T12:24:02.285653
52,admin,1,ok,2026-03-20T15:58:33.409905
53,admin,1,ok,2026-03-20T16:16:36.679322
54,admin,1,ok,2026-03-20T17:32:30.871875
55,admin,1,ok,2026-03-20T18:26:30.303779
56,admin,1,ok,2026-03-20T18:29:44.689424
57,admin,1,ok,2026-03-20T19:21:37.555489
58,admin,1,ok,2026-03-20T19:26:43.032488
59,admin,1,ok,2026-03-20T19:35:57.018101
60,admin,1,ok,2026-03-20T19:41:57.433226
61,admin,1,ok,2026-03-20T19:45:30.189100
62,admin,1,ok,2026-03-20T19:53:25.389259
63,admin,1,ok,2026-03-20T20:07:34.134114
64,admin,1,ok,2026-03-20T20:23:43.210787
65,admin,1,ok,2026-03-20T20:27:26.210020
66,admin,1,ok,2026-03-20T20:30:24.463706
67,admin,1,ok,2026-03-20T20:37:30.583716
68,admin,1,ok,2026-03-20T20:43:05.895614
69,admin,1,ok,2026-03-20T20:44:43.872070
70,admin,1,ok,2026-03-20T20:47:10.731343
71,admin,1,ok,2026-03-20T20:51:45.655343
72,admin,1,ok,2026-03-20T21:56:57.651989
73,admin,1,ok,2026-03-20T22:09:24.701968
74,admin,1,ok,2026-03-20T22:11:44.281954
75,admin,1,ok,2026-03-20T22:12:44.914811
76,admin,1,ok,2026-03-20T22:45:47.502437
77,admin,1,ok,2026-03-20T23:58:08.800192
78,admin,1,ok,2026-03-20T23:59:36.960480
79,admin,1,ok,2026-03-21T00:02:31.505154
80,admin,1,ok,2026-03-21T00:19:41.023242
81,admin,1,ok,2026-03-21T00:34:00.206976
82,admin,1,ok,2026-03-21T00:35:16.665832
83,admin,1,ok,2026-03-21T00:39:31.956260
84,admin,1,ok,2026-03-21T00:40:59.323647
85,admin,1,ok,2026-03-21T00:53:25.943157
86,admin,1,ok,2026-03-21T01:10:39.396282
87,admin,1,ok,2026-03-21T13:13:13.668947
88,admin,1,ok,2026-03-21T14:18:21.208904
89,admin,1,ok,2026-03-21T14:21:37.799740
90,admin,1,ok,2026-03-21T14:33:21.688773
91,admin,1,ok,2026-03-21T14:38:24.833349
92,admin,1,ok,2026-03-21T15:17:27.074355
93,admin,1,ok,2026-03-21T15:23:48.385637
94,admin,1,ok,2026-03-21T16:12:12.127579
95,admin,1,ok,2026-03-21T16:42:51.941042
96,admin,1,ok,2026-03-21T16:54:52.469369
97,admin,1,ok,2026-03-21T17:58:20.520699
98,admin,1,ok,2026-03-21T18:00:53.262562
99,admin,1,ok,2026-03-21T18:13:58.390944
100,admin,1,ok,2026-03-21T18:14:30.510701
101,admin,1,ok,2026-03-21T18:22:11.551436
102,admin,1,ok,2026-03-21T18:22:46.510477
103,admin,1,ok,2026-03-21T18:37:14.037286
104,admin,1,ok,2026-03-21T19:04:50.012656
105,admin,1,ok,2026-03-21T19:28:19.463137
106,admin,1,ok,2026-03-21T19:46:59.634232
107,admin,1,ok,2026-03-21T19:48:55.891579
108,admin,1,ok,2026-03-21T20:16:44.744549
109,admin,1,ok,2026-03-21T21:24:30.563813
110,admin,1,ok,2026-03-21T21:57:53.365647
111,admin,1,ok,2026-03-21T21:58:50.897246
112,admin,1,ok,2026-03-21T22:19:27.123160
113,admin,1,ok,2026-03-22T01:15:21.407883
114,admin,1,ok,2026-03-22T13:30:53.709050
115,admin,1,ok,2026-03-22T13:37:17.782038
116,admin,1,ok,2026-03-22T15:08:43.084533
117,admin,1,ok,2026-03-22T15:24:39.907274
118,admin,1,ok,2026-03-22T15:25:34.852536
119,admin,1,ok,2026-03-22T15:27:58.938328
120,admin,1,ok,2026-03-22T15:41:36.351938
121,admin,1,ok,2026-03-22T16:13:07.901051
122,admin,1,ok,2026-03-22T16:14:53.906018
123,admin,1,ok,2026-03-22T17:58:58.509731
124,admin,1,ok,2026-03-22T18:03:22.928857
125,admin,1,ok,2026-03-22T18:05:34.487003
126,admin,1,ok,2026-03-22T18:05:43.570300
127,admin,1,ok,2026-03-22T18:23:39.261767
128,admin,1,ok,2026-03-22T18:34:27.575107
129,admin,1,ok,2026-03-22T18:58:11.327133
130,admin,1,ok,2026-03-22T19:17:14.299275
131,admin,1,ok,2026-03-22T19:18:57.698763
132,admin,1,ok,2026-03-22T19:20:34.169414
133,admin,1,ok,2026-03-22T19:39:27.718253
134,admin,1,ok,2026-03-22T19:45:42.442177
135,admin,1,ok,2026-03-22T20:16:30.921679
136,admin,1,ok,2026-03-22T20:17:36.547092
137,admin,1,ok,2026-03-22T20:25:26.986866
138,admin,1,ok,2026-03-22T20:33:32.678496
139,admin,1,ok,2026-03-22T20:38:47.377693
140,admin,1,ok,2026-03-22T21:00:37.565125
141,admin,1,ok,2026-03-22T21:26:00.819206
142,admin,1,ok,2026-03-22T21:43:54.469182
143,admin,1,ok,2026-03-22T21:50:09.787953
144,admin,1,ok,2026-03-22T22:26:11.419528
145,admin,1,ok,2026-03-22T22:53:33.773735
146,admin,1,ok,2026-03-22T23:29:05.820449
147,admin,1,ok,2026-03-22T23:45:35.273293
148,admin,1,ok,2026-03-23T00:02:04.916137
149,admin,1,ok,2026-03-23T00:45:35.730728
150,admin,1,ok,2026-03-23T07:55:29.914755
151,admin,1,ok,2026-03-23T07:57:49.358710
152,admin,1,ok,2026-03-23T08:55:26.208243
153,admin,1,ok,2026-03-23T09:17:42.304760
154,admin,1,ok,2026-03-23T10:07:34.050934
155,admin,1,ok,2026-03-23T10:25:53.258670
156,admin,1,ok,2026-03-23T10:41:51.844532
157,admin,1,ok,2026-03-23T11:09:07.201447
158,admin,1,ok,2026-03-23T11:18:57.697210
159,admin,1,ok,2026-03-23T11:26:03.645116
160,admin,1,ok,2026-03-23T11:42:55.611650
161,admin,1,ok,2026-03-23T11:59:44.409456
162,admin,1,ok,2026-03-23T12:15:27.927172
163,admin,1,ok,2026-03-23T12:34:10.472709
164,admin,1,ok,2026-03-23T12:42:35.344978
165,admin,1,ok,2026-03-23T12:44:47.916010
166,admin,1,ok,2026-03-23T12:53:06.034289
167,admin,1,ok,2026-03-23T13:02:32.603280
168,admin,1,ok,2026-03-24T10:08:59.624719
169,admin,1,ok,2026-03-24T10:10:57.925377
170,admin,1,ok,2026-03-24T10:23:33.262085
171,admin,1,ok,2026-03-24T10:24:32.201080
172,admin,1,ok,2026-03-24T10:42:33.084338
173,admin,1,ok,2026-03-24T10:43:20.509285
174,admin,1,ok,2026-03-24T10:43:45.083069
175,admin,1,ok,2026-03-24T10:49:05.209081
176,admin,1,ok,2026-03-24T10:54:16.886901
177,admin,1,ok,2026-03-24T10:58:57.077628
178,admin,1,ok,2026-03-24T11:03:42.160906
179,admin,1,ok,2026-03-24T11:17:34.676664
180,admin,1,ok,2026-03-24T11:20:38.514109
181,admin,1,ok,2026-03-24T11:39:53.861131
182,admin,1,ok,2026-03-24T11:45:35.144894
183,admin,1,ok,2026-03-24T11:54:36.154190
184,admin,1,ok,2026-03-24T11:55:44.786020
185,admin,1,ok,2026-03-24T11:57:23.040904
186,admin,1,ok,2026-03-24T12:03:33.135188
187,admin,1,ok,2026-03-24T12:13:46.041260
188,admin,1,ok,2026-03-24T12:17:31.821084
189,admin,1,ok,2026-03-24T12:21:40.410151
190,admin,1,ok,2026-03-24T12:52:52.346855
191,admin,1,ok,2026-03-24T13:07:03.923791
192,admin,1,ok,2026-03-24T13:31:07.061493
193,admin,1,ok,2026-03-24T13:31:35.956457
194,admin,1,ok,2026-03-24T13:43:16.057835
195,admin,1,ok,2026-03-24T13:46:42.563803
196,admin,1,ok,2026-03-24T13:51:14.660718
197,admin,1,ok,2026-03-24T13:52:31.797255
198,admin,1,ok,2026-03-24T13:58:57.002210
199,admin,1,ok,2026-03-24T14:05:12.234120
200,admin,1,ok,2026-03-24T14:06:36.465232
201,admin,1,ok,2026-03-24T14:08:17.355202
202,admin,1,ok,2026-03-24T14:21:26.184765
203,admin,1,ok,2026-03-24T14:35:08.991367
204,admin,1,ok,2026-03-24T14:36:46.656693
205,admin,1,ok,2026-03-24T14:38:36.463744
206,admin,1,ok,2026-03-24T14:39:13.575766
207,admin,1,ok,2026-03-24T15:16:00.860719
208,admin,1,ok,2026-03-24T15:23:22.655714
209,admin,1,ok,2026-03-24T18:39:44.608833
210,admin,1,ok,2026-03-24T19:23:38.551645
211,admin,1,ok,2026-03-24T19:26:11.529042
212,admin,1,ok,2026-03-24T19:27:03.862461
213,admin,1,ok,2026-03-24T19:29:36.133475
214,admin,1,ok,2026-03-24T19:34:33.405653
215,admin,1,ok,2026-03-24T19:36:39.667687
216,admin,1,ok,2026-03-24T19:45:03.081942
217,admin,1,ok,2026-03-24T19:47:00.392791
218,admin,1,ok,2026-03-24T20:15:37.563793
219,admin,1,ok,2026-03-24T22:30:42.683154
220,admin,1,ok,2026-03-24T23:10:05.261983
221,admin,1,ok,2026-03-24T23:40:33.976499
222,admin,1,ok,2026-03-25T07:55:43.710565
223,admin,1,ok,2026-03-25T07:58:15.470670
224,admin,1,ok,2026-03-25T08:01:39.353163
225,admin,1,ok,2026-03-25T08:08:14.391308
226,admin,1,ok,2026-03-25T08:19:51.057177
227,admin,1,ok,2026-03-25T08:20:50.792472
228,admin,1,ok,2026-03-25T08:21:23.602303
229,admin,1,ok,2026-03-25T08:22:10.368726
230,admin,1,ok,2026-03-25T08:23:08.921438
231,admin,1,ok,2026-03-25T08:25:35.967289
232,admin,1,ok,2026-03-25T08:30:37.456447
233,admin,1,ok,2026-03-25T08:46:49.209985
234,admin,1,ok,2026-03-25T09:14:24.044862
235,admin,1,ok,2026-03-25T09:28:16.928535
236,admin,1,ok,2026-03-25T09:45:53.123071
237,admin,1,ok,2026-03-25T09:47:05.747349
238,admin,1,ok,2026-03-25T09:49:48.886820
239,admin,1,ok,2026-03-25T10:11:44.374083
240,admin,1,ok,2026-03-25T10:38:53.961977
241,admin,1,ok,2026-03-25T10:56:24.187880
242,admin,1,ok,2026-03-25T11:38:23.750624
243,admin,1,ok,2026-03-25T11:40:56.487840
244,admin,1,ok,2026-03-25T11:44:27.247741
245,admin,1,ok,2026-03-25T11:50:37.121792
246,admin,1,ok,2026-03-25T11:54:28.112735
247,admin,1,ok,2026-03-25T11:55:27.616881
248,admin,1,ok,2026-03-25T12:11:50.308238
249,admin,1,ok,2026-03-25T12:17:13.225190
250,admin,1,ok,2026-03-25T12:22:05.642681
251,admin,1,ok,2026-03-25T12:48:44.461157
252,admin,1,ok,2026-03-25T12:56:49.624339
253,admin,1,ok,2026-03-25T13:12:56.273136
254,admin,1,ok,2026-03-25T13:26:09.752303
255,admin,1,ok,2026-03-25T13:32:27.210711
256,admin,1,ok,2026-03-25T14:11:49.177800
257,admin,1,ok,2026-03-25T14:29:11.049181
258,admin,1,ok,2026-03-25T14:45:19.498941
259,admin,1,ok,2026-03-25T15:02:32.458657
260,admin,1,ok,2026-03-25T15:06:41.271394
261,admin,1,ok,2026-03-25T15:12:48.926469
262,admin,1,ok,2026-03-25T16:44:10.298209
263,admin,1,ok,2026-03-25T17:03:22.427800
264,admin,1,ok,2026-03-25T17:58:24.460825
265,admin,1,ok,2026-03-25T18:03:05.048050
266,admin,1,ok,2026-03-25T18:13:08.944047
267,admin,1,ok,2026-03-26T07:49:00.873663
268,admin,1,ok,2026-03-26T07:56:08.602127
269,admin,1,ok,2026-03-26T08:01:40.815405
270,admin,1,ok,2026-03-26T08:37:40.381069
271,admin,1,ok,2026-03-26T08:47:23.162830
272,admin,1,ok,2026-03-26T08:50:29.403853
273,admin,1,ok,2026-03-26T08:51:59.058516
274,admin,1,ok,2026-03-26T08:55:09.677445
275,admin,1,ok,2026-03-26T09:00:56.291872
276,admin,1,ok,2026-03-26T09:05:47.335092
277,admin,1,ok,2026-03-26T09:09:05.760410
278,admin,1,ok,2026-03-26T09:22:26.209434
279,admin,1,ok,2026-03-26T09:24:15.005788
280,admin,1,ok,2026-03-26T09:25:59.960574
281,admin,1,ok,2026-03-26T09:28:27.273066
282,admin,1,ok,2026-03-26T09:29:51.955772
283,admin,1,ok,2026-03-26T09:31:49.963925
284,admin,1,ok,2026-03-26T09:33:21.130343
285,admin,1,ok,2026-03-26T09:34:02.300353
286,admin,1,ok,2026-03-26T09:35:47.253536
287,admin,1,ok,2026-03-26T09:44:11.781303
288,admin,1,ok,2026-03-26T09:49:36.089552
289,admin,1,ok,2026-03-26T09:53:13.477758
290,admin,1,ok,2026-03-26T10:00:21.855299
291,admin,1,ok,2026-03-26T10:03:35.191148
292,admin,1,ok,2026-03-26T10:05:02.063839
293,admin,1,ok,2026-03-26T10:07:02.678974
294,admin,1,ok,2026-03-26T10:09:44.314242
295,admin,1,ok,2026-03-26T10:11:17.736128
296,admin,1,ok,2026-03-26T10:19:26.389357
297,admin,1,ok,2026-03-26T10:56:28.593414
298,admin,1,ok,2026-03-26T11:09:07.656591
299,admin,1,ok,2026-03-26T11:33:44.298280
300,admin,1,ok,2026-03-26T11:34:52.492594
301,admin,1,ok,2026-03-26T11:39:07.182826
302,admin,1,ok,2026-03-26T11:42:57.192525
303,admin,1,ok,2026-03-26T11:46:14.027391
304,admin,1,ok,2026-03-26T11:46:48.115391
305,admin,1,ok,2026-03-26T11:48:05.269080
306,admin,1,ok,2026-03-26T11:48:57.222050
307,admin,1,ok,2026-03-26T11:49:55.650873
308,admin,1,ok,2026-03-26T11:50:53.378430
309,admin,1,ok,2026-03-26T11:52:59.368084
310,admin,1,ok,2026-03-26T11:56:22.689503
311,admin,1,ok,2026-03-26T12:38:58.717546
312,admin,1,ok,2026-03-26T12:41:18.829000
313,admin,1,ok,2026-03-26T12:43:06.139912
314,admin,1,ok,2026-03-26T12:44:01.341193
315,admin,1,ok,2026-03-26T12:51:13.894619
316,admin,1,ok,2026-03-26T12:53:10.641860
317,admin,1,ok,2026-03-26T12:53:39.949598
318,admin,1,ok,2026-03-26T12:56:58.907795
319,admin,1,ok,2026-03-26T13:03:03.500361
320,admin,1,ok,2026-03-26T13:08:42.281557
321,admin,1,ok,2026-03-26T13:15:51.623007
322,admin,1,ok,2026-03-26T13:29:38.730609
323,admin,1,ok,2026-03-26T13:32:00.249162
324,admin,1,ok,2026-03-26T13:56:05.428375
325,admin,1,ok,2026-03-26T13:59:42.187842
326,admin,1,ok,2026-03-26T14:30:05.377662
327,admin,1,ok,2026-03-27T07:52:18.287082
328,admin,1,ok,2026-03-27T07:55:54.810072
329,admin,1,ok,2026-03-27T07:56:40.389190
330,admin,1,ok,2026-03-27T08:08:13.083484
331,admin,1,ok,2026-03-27T08:09:57.279186
332,admin,1,ok,2026-03-27T08:21:00.487975
333,admin,1,ok,2026-03-27T08:45:15.747912
334,admin,1,ok,2026-03-27T09:00:06.925277
335,admin,1,ok,2026-03-27T12:23:46.697566
336,admin,1,ok,2026-03-27T12:29:04.780185
337,admin,1,ok,2026-03-27T12:34:40.783902
338,admin,1,ok,2026-03-27T12:42:44.718192
339,admin,1,ok,2026-03-27T12:46:41.341450
340,admin,1,ok,2026-03-27T13:01:43.934603
341,admin,1,ok,2026-03-27T13:35:21.245439
342,admin,1,ok,2026-03-27T19:56:17.007485
343,admin,1,ok,2026-03-27T20:16:43.813565
344,admin,1,ok,2026-03-28T23:59:16.789949
345,admin,1,ok,2026-03-29T00:26:33.777904
346,admin,1,ok,2026-03-29T13:24:57.044497
347,admin,1,ok,2026-03-29T17:04:46.535610
348,admin,1,ok,2026-03-29T17:11:34.642075
349,admin,1,ok,2026-03-29T20:43:55.135872
350,admin,1,ok,2026-03-29T22:28:02.093871
351,admin,1,ok,2026-03-29T22:33:57.454433
352,admin,1,ok,2026-03-29T22:44:55.654200
353,admin,1,ok,2026-03-29T23:14:17.032476
